meanAx,sdAx,rangeAx,meanAy,sdAy,rangeAy,meanAz,sdAz,rangeAz,meanGx,sdGx,rangeGx,meanGy,sdGy,rangeGy,meanGz,sdGz,rangeGz,label,studentId
0.2663,0.0685,0.2906,-0.4478,0.1059,0.35,-0.8874,0.0912,0.3447,23.9705,87.9754,304.8706,-21.0531,32.5295,140.4419,-0.9725,42.1156,139.0381,right,11611553
0.9055,0.2807,1.0003,0.0866,0.0597,0.2261,-0.1778,0.1802,0.6813,35.498,40.3968,128.6621,-256.9377,172.8009,573.0591,57.2144,45.3477,144.2871,right,11611553
0.9653,0.1883,0.7652,0.1955,0.0801,0.2907,-0.1621,0.1756,0.7032,46.1019,41.3384,130.0659,-213.0168,195.4574,607.666,54.4922,46.7434,143.9209,right,11611553
0.9683,0.2109,0.8591,0.1727,0.0661,0.2334,-0.1905,0.1608,0.6064,47.6685,45.8164,141.4185,-215.7593,235.366,674.1943,59.5256,59.2903,173.2788,right,11611553
0.9586,0.2532,1.0283,0.2378,0.0682,0.2767,-0.1117,0.14,0.5524,39.7339,57.958,178.9551,-232.076,288.3963,772.3999,75.7039,90.9537,241.333,right,11611553
0.9324,0.2236,0.8594,0.1959,0.0472,0.1786,-0.1799,0.0995,0.4236,42.7409,51.55,167.2363,-244.873,261.5305,723.999,68.9657,79.4111,235.8398,right,11611553
0.9491,0.2865,1.0605,0.121,0.0685,0.2568,-0.2665,0.1531,0.584,44.2464,54.006,150.3906,-217.5781,236.6271,616.5771,58.2113,67.612,171.6919,right,11611553
0.9119,0.2391,0.8483,0.1572,0.1055,0.3729,-0.3344,0.1912,0.6443,57.6335,49.3083,141.9067,-222.4813,171.7504,474.3652,57.7515,43.7427,131.0425,right,11611553
0.8485,0.2281,0.7855,0.1248,0.0955,0.3364,-0.4521,0.2229,0.7086,60.262,35.2702,100.0366,-207.491,119.2505,349.6094,50.9766,35.1764,103.5156,right,11611553
0.9007,0.1703,0.6994,0.1084,0.0797,0.2997,-0.4096,0.1986,0.6155,46.1507,37.168,115.8447,-203.5441,134.628,475.0977,49.5076,31.4755,112.2437,right,11611553
0.9147,0.2248,0.875,0.1667,0.0836,0.285,-0.3128,0.1308,0.4736,49.4792,44.544,122.3145,-203.7598,217.7746,552.9175,74.6704,77.1442,183.1665,right,11611553
0.958,0.2068,0.7679,0.1471,0.1024,0.3689,-0.213,0.1606,0.5579,52.6449,48.1073,140.3809,-226.0661,206.8819,642.0288,65.5518,56.8941,163.147,right,11611553
0.8213,0.2449,0.9158,0.0606,0.1138,0.4132,-0.4241,0.2188,0.5967,57.959,40.04,127.5024,-235.6812,117.0424,388.1836,65.5111,40.4023,135.0708,right,11611553
0.979,0.1792,0.7113,0.0871,0.0802,0.2721,-0.2269,0.161,0.595,37.0931,38.3426,113.4033,-213.383,187.1995,541.5039,56.9214,59.6617,177.063,right,11611553
0.8926,0.217,0.8315,0.1948,0.0849,0.3265,-0.2726,0.235,0.794,54.7201,40.1933,133.1787,-240.3646,145.4066,436.5234,72.9736,55.948,171.0815,right,11611553
0.8005,0.2325,0.7914,0.0756,0.0882,0.2814,-0.5045,0.1897,0.5924,48.999,36.2185,94.4214,-223.0957,136.7411,372.5586,59.1512,40.9313,112.4878,right,11611553
0.9715,0.1612,0.6641,0.1236,0.0388,0.1357,-0.184,0.0887,0.3179,40.4093,55.1878,176.4526,-194.5109,255.3182,738.7695,52.0955,72.9022,223.0835,right,11611553
0.9181,0.2428,0.924,0.2027,0.0647,0.2978,-0.1271,0.1404,0.5659,55.3385,57.2269,169.4336,-212.1012,243.8796,689.5752,63.7573,89.3483,257.019,right,11611553
0.9348,0.169,0.5853,0.1199,0.0701,0.2727,-0.2037,0.1891,0.6301,54.2643,49.69,151.062,-225.0773,171.4579,498.23,63.741,65.0835,209.7778,right,11611553
0.8891,0.2154,0.7033,0.0829,0.0822,0.3369,-0.123,0.2338,0.7977,49.0804,71.7269,214.9658,-241.4632,239.3801,636.2305,58.1258,80.9092,224.6704,right,11611553
0.9112,0.2754,0.9438,0.0845,0.0943,0.3096,-0.1878,0.2151,0.6522,47.8963,39.823,106.6895,-228.4139,209.178,564.6362,48.702,62.7412,159.9121,right,11611553
0.8591,0.2567,0.8648,0.185,0.1059,0.3609,-0.2977,0.1785,0.603,55.7129,47.7117,142.5171,-210.6567,180.1703,511.3525,53.658,58.9702,170.5322,right,11611553
1.0066,0.2474,1.1021,0.2102,0.0668,0.2594,0.032,0.2349,0.9039,26.5666,24.9005,84.5337,-197.172,242.8038,597.7173,67.2323,81.8616,210.083,left,11611553
0.8129,0.2048,0.8327,-0.0257,0.0766,0.2804,-0.6562,0.0898,0.3071,42.3706,39.6421,110.1074,-156.2378,148.827,397.7051,49.8454,47.5014,139.0381,left,11611553
0.9117,0.1904,0.6938,0.0343,0.1244,0.3839,-0.4552,0.1582,0.5074,54.2725,32.4653,93.4448,-203.7801,142.7673,405.2734,74.0641,45.1621,127.9297,left,11611553
0.8552,0.1815,0.7258,0.0232,0.0736,0.2527,-0.6179,0.1305,0.3934,41.8945,49.1111,117.981,-133.3984,181.5341,495.6665,65.1204,75.6419,201.0498,left,11611553
0.9816,0.15,0.6162,0.063,0.094,0.348,-0.4698,0.0985,0.3168,45.3044,46.0758,143.0664,-166.0685,183.8323,491.333,83.3903,80.0567,216.4917,left,11611553
0.9261,0.1581,0.6509,0.0417,0.0643,0.2271,-0.5477,0.0986,0.3285,49.8576,41.6977,128.3569,-160.6812,186.3636,517.334,67.0492,67.9141,209.9609,left,11611553
0.9967,0.1424,0.613,0.0569,0.0403,0.137,-0.3212,0.0834,0.2294,26.0173,30.6096,94.7876,-183.5164,209.4468,603.0884,79.0649,89.1088,267.8833,left,11611553
0.9919,0.2423,0.9623,0.0343,0.0719,0.2927,-0.3021,0.0723,0.274,41.158,37.6373,115.4785,-227.1403,233.82,597.9004,102.1077,94.4688,251.9531,left,11611553
0.9617,0.1908,0.7818,0.0244,0.0773,0.2908,-0.4148,0.0801,0.2965,58.8949,44.0933,135.0098,-204.4149,208.0292,548.8892,88.9445,89.4376,255.0049,left,11611553
0.933,0.2358,0.8702,-0.0236,0.0739,0.2795,-0.3861,0.0749,0.3062,47.2656,28.9573,80.3833,-206.4494,188.4684,479.6753,90.6779,75.4305,195.4346,left,11611553
0.8968,0.1225,0.5306,-0.1975,0.036,0.1241,-0.6084,0.0636,0.2455,59.9935,22.0859,71.8994,-138.9648,181.8238,525.8179,57.6009,88.0824,253.6011,left,11611553
0.8984,0.1028,0.4289,-0.0688,0.05,0.1876,-0.6838,0.1155,0.3556,46.228,25.995,87.8296,-135.848,152.9457,472.29,69.9544,85.6286,275.6958,left,11611553
0.8684,0.1934,0.7247,-0.1119,0.041,0.1375,-0.6076,0.0685,0.2174,55.6071,27.1966,78.186,-169.6981,170.0642,449.646,77.0548,77.3222,210.6323,left,11611553
0.8154,0.1701,0.6871,-0.0983,0.054,0.218,-0.6861,0.0851,0.2589,46.2199,20.0086,60.5469,-151.8717,152.1305,423.4619,67.9281,83.4901,231.9336,left,11611553
0.9021,0.2075,0.8604,-0.0139,0.0482,0.1418,-0.5117,0.0468,0.1348,45.7642,25.8328,76.1719,-177.6326,186.7213,518.6157,87.0768,95.1811,268.7378,left,11611553
0.9536,0.2428,0.9761,-0.0403,0.056,0.1978,-0.4424,0.0976,0.313,32.6701,27.3667,84.5947,-156.25,180.2612,460.8765,86.0189,90.96,238.0371,left,11611553
0.9485,0.1662,0.6988,0.1183,0.2183,0.7305,-0.0959,0.275,0.8063,80.5379,33.5281,115.2344,-205.1839,241.6637,729.248,71.6024,92.8199,281.6162,left,11611553
0.9908,0.1791,0.7371,0.0741,0.0656,0.2363,-0.3022,0.0923,0.3525,26.9409,30.4583,91.6138,-190.6128,229.8785,605.6519,90.446,98.5351,260.437,left,11611553
0.8987,0.149,0.6227,-0.1026,0.0631,0.2097,-0.5591,0.0723,0.2599,27.474,29.1849,100.5249,-165.564,172.2713,469.4824,80.3263,88.7436,249.6948,left,11611553
0.9721,0.1397,0.5953,-0.0998,0.0581,0.1737,-0.4458,0.0852,0.3108,34.3424,23.0433,77.2705,-183.1055,198.1502,548.1567,108.4229,120.5811,335.022,left,11611553
0.9365,0.1499,0.5997,-0.089,0.0955,0.3246,-0.4602,0.0846,0.2324,56.1605,41.4986,115.4175,-182.784,169.6708,452.6978,91.0441,84.6644,228.3936,left,11611553
0.943,0.1323,0.5892,-0.046,0.1013,0.3589,-0.442,0.0961,0.3426,36.1287,39.6285,134.2163,-160.7788,192.2227,535.0342,68.5425,88.1156,262.3901,left,11611553
0.9651,0.1981,0.8187,0.008,0.0696,0.2307,-0.3274,0.095,0.3459,27.832,34.3784,105.3467,-178.7679,198.9591,526.7944,100.0203,109.0904,293.8232,left,11611553
0.9243,0.1409,0.5645,-0.0545,0.0808,0.2625,-0.4635,0.1062,0.3064,41.1051,34.8237,89.2944,-155.363,143.3185,385.498,66.3045,63.2252,178.894,left,11611553
0.9657,0.2846,1.0139,-0.1042,0.0635,0.2883,-0.3673,0.0976,0.3099,63.4847,19.8793,55.8472,-196.6187,153.0107,449.7681,90.5843,68.9593,200.1953,left,11611553
0.9378,0.2045,0.8792,-0.1555,0.0738,0.2814,-0.3961,0.0676,0.2439,26.8921,28.0012,90.1489,-169.2505,199.4229,580.6885,96.8302,107.5497,330.3223,left,11611553
0.8407,0.159,0.6806,-0.1475,0.0435,0.1904,-0.5944,0.065,0.2775,36.377,32.869,100.1587,-135.0952,129.625,345.0928,65.4907,63.5909,177.5513,left,11611553
0.7186,0.1547,0.6498,0.3191,0.0486,0.1848,-0.2907,0.1169,0.489,12.7767,23.4818,79.7119,-219.165,224.8997,632.6904,47.2738,40.297,125.3662,up,11611553
0.6331,0.1964,0.7645,0.2327,0.0642,0.2097,-0.2269,0.1842,0.7617,15.2954,28.4939,98.2056,-208.134,240.882,694.6411,42.1427,38.7515,127.3193,up,11611553
0.5743,0.2369,0.7576,0.2478,0.0816,0.269,-0.2607,0.2095,0.8169,23.234,40.3446,129.9438,-184.7087,197.5226,509.8267,52.3641,38.8642,125.4272,up,11611553
0.6946,0.2057,0.6949,0.1878,0.0397,0.1265,-0.3727,0.1431,0.6013,19.3685,11.6564,40.4663,-175.0041,209.685,594.5435,36.0677,30.5298,105.1636,up,11611553
0.609,0.1472,0.5396,0.2572,0.0365,0.1382,-0.3193,0.0989,0.4089,21.6268,23.7397,73.1812,-215.9383,237.9225,684.8145,51.2288,47.5263,130.3711,up,11611553
0.7815,0.1883,0.7435,0.2926,0.0492,0.1954,-0.3094,0.1075,0.4296,20.3125,27.524,82.7637,-191.6138,214.7524,557.4341,42.395,42.1976,114.3188,up,11611553
0.7159,0.1231,0.4258,0.2426,0.0396,0.1373,-0.3764,0.0475,0.1583,17.8874,26.7593,77.8809,-194.9137,211.6622,634.3994,37.4349,31.9897,88.562,up,11611553
0.7873,0.1648,0.6788,0.2442,0.0456,0.1749,-0.4839,0.0689,0.3129,20.1253,26.0623,79.3457,-167.6717,207.9355,530.8228,38.6597,36.1377,100.1587,up,11611553
0.6973,0.1562,0.5688,0.2677,0.0292,0.0963,-0.3821,0.0619,0.2707,12.2599,21.4716,79.3457,-168.571,186.2258,495.1782,35.1807,35.5376,104.4312,up,11611553
0.8023,0.1668,0.6579,0.2295,0.0601,0.197,-0.3943,0.0635,0.2383,24.9756,28.9003,80.8716,-206.2419,217.7961,579.2236,42.5171,34.3956,85.3271,up,11611553
0.7784,0.1646,0.6879,0.2854,0.053,0.1631,-0.3867,0.0587,0.1976,27.7791,31.482,98.938,-189.8112,216.8929,576.9043,54.1707,54.4055,143.0054,up,11611553
0.8718,0.1979,0.8054,0.2361,0.0418,0.1522,-0.4293,0.0763,0.2618,26.0824,27.1883,73.6084,-190.0635,189.2859,510.9253,34.5133,32.629,96.0693,up,11611553
0.6957,0.1762,0.6768,0.2339,0.0814,0.2755,-0.3849,0.089,0.3369,33.6589,32.068,91.4917,-221.1833,209.1689,573.4863,66.2598,41.0808,121.7651,up,11611553
0.5672,0.2136,0.7379,0.245,0.0432,0.1624,-0.2515,0.114,0.4158,27.8035,34.16,127.3193,-204.0568,233.1033,635.437,38.3179,45.1147,151.3672,up,11611553
0.5971,0.1253,0.3979,0.1797,0.0318,0.1179,-0.3165,0.0947,0.3339,16.3167,23.9684,77.9419,-176.4771,193.901,510.8643,55.3223,52.1213,148.3154,up,11611553
0.5896,0.0876,0.3682,0.2361,0.0449,0.1591,-0.3341,0.0964,0.3916,17.2363,29.6544,102.2949,-184.1553,202.1882,588.3789,47.7132,57.9748,160.8887,up,11611553
0.6898,0.1816,0.6379,0.2133,0.0679,0.2443,-0.3837,0.126,0.481,33.7362,36.6618,111.0229,-190.0594,187.6991,465.5151,53.361,50.7663,136.1084,up,11611553
0.6949,0.1569,0.5283,0.2488,0.0546,0.2104,-0.3161,0.106,0.4005,15.5233,24.2988,80.6274,-191.7114,203.2243,551.0864,49.821,48.1009,136.7798,up,11611553
0.5082,0.1304,0.3839,0.2426,0.041,0.1384,-0.4071,0.1131,0.4286,21.7651,19.9234,61.2793,-160.0016,164.2325,497.6807,40.8895,46.9324,145.6909,up,11611553
0.6332,0.2025,0.6187,0.256,0.0586,0.2288,-0.2706,0.0654,0.2303,17.1875,21.7923,66.1621,-184.2896,204.8785,530.0293,49.0967,47.6288,141.3574,up,11611553
0.5878,0.1536,0.5635,0.278,0.0481,0.1658,-0.3822,0.0809,0.3771,28.4302,27.3254,75.8667,-184.7127,204.5045,545.5322,47.9167,52.2128,136.9629,up,11611553
0.6438,0.1971,0.6226,0.2519,0.1313,0.3364,-0.2401,0.0368,0.1274,2.533,4.2685,14.7705,-70.6584,51.0316,151.1841,1.4903,5.7847,20.2637,down,11611553
0.8416,0.2755,0.7349,-0.0268,0.0737,0.1979,-0.2485,0.1826,0.4911,100.0977,21.4548,62.6221,-504.9194,143.7282,382.5073,109.9976,44.4198,114.624,down,11611553
1.0718,0.28,1.0827,0.0958,0.1233,0.4749,-0.2723,0.1184,0.4356,63.4928,84.8145,240.1123,-204.4067,285.3723,783.6914,68.5588,88.5488,257.5073,down,11611553
0.9983,0.1662,0.7096,0.0436,0.0551,0.2202,-0.4188,0.1628,0.5916,34.1349,62.8983,196.5942,-143.3757,270.9224,950.8057,50.651,80.7589,279.6631,down,11611553
1.0006,0.1699,0.834,0.0606,0.0696,0.3361,-0.26,0.0998,0.4456,39.3351,62.9389,187.0117,-153.3773,273.7409,833.9233,44.401,81.4677,249.5728,down,11611553
1.2478,0.3939,1.4398,-0.1618,0.067,0.2655,-0.7519,0.209,0.5989,53.3325,37.4533,107.8491,-157.1126,237.5488,666.5039,73.3114,58.1205,181.4575,down,11611553
0.909,0.1609,0.7246,-0.0065,0.061,0.2421,-0.3136,0.0364,0.105,51.9735,62.4107,177.5513,-188.7695,244.1986,681.3965,62.8947,91.1816,265.1367,down,11611553
1.0192,0.2211,0.9222,-0.0559,0.0714,0.2916,-0.4235,0.087,0.2912,42.6514,50.7534,143.8599,-157.5358,213.214,618.4692,46.7855,67.6867,193.9697,down,11611553
0.9156,0.0979,0.4415,-0.1018,0.0617,0.2189,-0.3448,0.1575,0.4966,60.6812,54.3019,156.311,-187.3047,205.02,564.8193,63.4684,76.0694,205.0171,down,11611553
0.601,0.1885,0.636,0.2715,0.1434,0.3807,-0.2924,0.1317,0.3452,10.7707,9.2231,28.9307,-13.3016,33.0877,116.9434,-13.9567,25.4414,77.6978,down,11611553
0.9157,0.1678,0.6595,-0.136,0.0659,0.2432,-0.4872,0.0783,0.2916,39.7217,35.3937,98.5718,-147.6522,173.1982,501.0986,47.7458,58.3957,164.7949,down,11611553
1.1179,0.4547,1.5715,0.0148,0.142,0.4799,-0.467,0.1536,0.4355,55.2002,54.8373,155.5786,-170.0968,202.0319,609.0698,69.9178,59.28,182.9834,down,11611553
0.9835,0.346,1.1788,-0.1008,0.1304,0.4288,-0.5989,0.1605,0.5578,48.9054,49.0673,123.4741,-156.7627,203.5665,572.5708,59.0129,55.7354,156.7993,down,11611553
0.9382,0.4362,1.4873,-0.059,0.1538,0.5645,-0.4237,0.1398,0.4569,37.9964,26.4055,65.4297,-188.1348,174.9355,477.5391,68.8436,57.1524,168.7622,down,11611553
0.883,0.3506,1.1997,0.0419,0.1786,0.6695,-0.4776,0.1471,0.4892,77.1647,62.7724,173.0347,-199.7843,200.4788,556.5796,57.9793,53.3128,148.5596,down,11611553
0.9409,0.2365,0.9646,0.0418,0.1203,0.435,-0.5022,0.121,0.4111,61.0962,61.633,160.0342,-135.3678,160.5865,436.4624,54.6834,55.8965,153.3203,down,11611553
0.7588,0.2378,0.7419,-0.0411,0.1687,0.5545,-0.4986,0.1384,0.4684,67.631,53.4433,143.6768,-161.5153,133.7018,347.4121,60.6201,49.4388,120.8496,down,11611553
0.9812,0.2386,1.0275,0.0185,0.0983,0.4071,-0.336,0.1319,0.4354,51.6886,62.4905,163.6963,-141.0685,187.535,492.6758,64.7542,84.5617,232.1777,down,11611553
1.4237,0.4703,1.5366,-0.007,0.1405,0.4655,-0.4384,0.0921,0.2648,53.6458,47.9542,144.165,-149.8291,236.3836,704.895,75.2319,47.697,175.2319,down,11611553
0.9947,0.2695,1.0065,-0.104,0.0954,0.3348,-0.3596,0.1163,0.4757,42.4479,49.181,135.0708,-185.0667,239.1154,635.0708,55.2409,61.4169,161.8042,down,11611553
1.219,0.3239,1.1286,-0.1446,0.0831,0.2973,-0.3895,0.0911,0.3215,48.4131,52.66,142.334,-174.2269,245.3644,668.7012,62.7116,44.2642,139.0381,down,11611553
0.8791,0.2219,0.7626,-0.2152,0.072,0.2609,-0.4207,0.1176,0.4489,32.5806,37.6865,105.957,-169.4783,211.1896,591.4307,46.1182,59.7701,154.7241,down,11611553
1.1839,0.2817,1.0782,-0.1385,0.0957,0.3741,-0.6448,0.1308,0.4216,46.6227,41.7092,119.3237,-127.063,224.4196,631.1646,67.8345,47.7798,141.9067,down,11611553
0.9693,0.2894,1.034,-0.141,0.0865,0.3807,-0.4308,0.1368,0.4011,45.1375,47.7753,135.8643,-161.4299,213.1547,568.5425,53.5685,55.5187,158.9966,down,11611553
0.9867,0.3503,1.2439,-0.1251,0.1043,0.3321,-0.422,0.0918,0.2943,52.0223,45.3524,120.5444,-183.5286,182.9832,471.1914,45.8496,51.8653,136.2305,down,11611553
1.0105,0.1022,0.4484,-0.0518,0.077,0.2354,-0.1607,0.0777,0.3188,33.9844,48.947,144.4092,-165.7552,245.6485,833.6182,51.2126,82.3124,285.4004,push,11611553
0.9252,0.1427,0.5737,-0.0297,0.0432,0.1766,-0.3838,0.0366,0.1269,56.1605,72.4097,230.5908,-182.133,201.0772,628.6621,40.7674,52.811,175.5981,push,11611553
0.9259,0.1794,0.6953,-0.0315,0.0526,0.1885,-0.362,0.0649,0.3106,56.486,64.6965,203.3081,-177.3315,200.971,588.623,38.6963,52.439,159.9121,push,11611553
0.8083,0.2328,0.7886,-0.0725,0.087,0.309,-0.5395,0.0922,0.3224,67.8589,70.5391,198.4253,-193.4001,187.6003,500.7324,49.9552,46.8647,133.2397,push,11611553
0.8844,0.1149,0.4974,-0.1123,0.0477,0.1501,-0.4982,0.0503,0.201,42.8101,58.3773,182.0679,-134.5662,190.7557,602.0508,30.5583,53.7389,169.4946,push,11611553
0.7951,0.2008,0.7077,-0.0879,0.0745,0.2463,-0.5598,0.0854,0.2319,60.966,67.7051,186.9507,-185.9538,163.6515,440.3687,51.0579,39.9665,119.4458,push,11611553
0.9023,0.1622,0.6225,-0.0242,0.0748,0.28,-0.499,0.057,0.2235,58.7118,70.5878,219.6655,-162.7604,185.372,523.1323,35.0423,39.8533,107.7881,push,11611553
0.8646,0.2008,0.7618,-0.079,0.0857,0.3263,-0.544,0.052,0.2388,51.2207,65.7852,189.0259,-146.6878,193.9566,514.7705,41.1418,53.3383,134.8877,push,11611553
0.8484,0.2257,0.7497,-0.1015,0.092,0.3124,-0.5687,0.0942,0.3012,63.6475,60.1657,163.8794,-174.1862,154.9153,422.4854,44.9341,37.4205,99.2432,push,11611553
0.7196,0.2349,0.7604,-0.1056,0.1044,0.352,-0.6846,0.1094,0.3421,56.8604,30.1661,87.5854,-157.1899,71.1485,231.1401,37.4593,20.5663,64.9414,push,11611553
0.8001,0.2051,0.7516,-0.1156,0.0746,0.2855,-0.5793,0.0635,0.2363,63.3138,61.3888,172.8516,-176.3428,166.1777,452.3315,45.4427,42.229,129.2114,push,11611553
0.7827,0.1723,0.6101,-0.1039,0.0882,0.3187,-0.6226,0.0407,0.1713,55.6803,64.8675,172.5464,-157.2388,165.2259,445.7397,47.2656,45.1501,116.5771,push,11611553
0.8333,0.1342,0.5375,-0.1431,0.0437,0.1619,-0.5487,0.0288,0.1234,52.9419,60.2451,180.542,-161.2793,177.8428,518.3716,42.3381,50.9962,147.1558,push,11611553
0.8122,0.27,0.8978,-0.1198,0.1118,0.3907,-0.5743,0.1287,0.3793,78.3488,61.9492,162.7197,-203.6621,150.7111,373.0469,45.2067,32.6886,99.1821,push,11611553
0.7767,0.2173,0.7441,-0.1171,0.082,0.2814,-0.5576,0.0773,0.2307,63.3016,56.4386,178.2837,-180.5135,164.4071,488.8916,58.1665,52.2742,146.4233,push,11611553
0.7688,0.1488,0.5704,-0.1327,0.0695,0.1854,-0.5973,0.0354,0.1295,48.584,71.0144,214.7827,-139.2253,178.3693,513.4888,40.6453,42.637,119.5679,push,11611553
0.7491,0.2502,0.7487,-0.1026,0.1221,0.3947,-0.5813,0.1181,0.3136,63.4847,45.8355,125.8545,-171.7896,111.7898,312.2559,46.0124,26.3105,78.6133,push,11611553
0.7469,0.2347,0.7518,-0.141,0.1128,0.3555,-0.6063,0.0961,0.3066,65.8285,54.7799,155.0903,-178.6377,135.7656,389.2822,58.4798,43.3785,120.3003,push,11611553
0.7818,0.2203,0.7613,-0.0944,0.0814,0.2742,-0.6198,0.0746,0.2405,65.4256,58.1823,156.311,-172.1598,136.3505,357.5439,45.1864,35.8784,94.7266,push,11611553
0.8258,0.1622,0.6193,-0.1659,0.0586,0.2147,-0.5386,0.0531,0.2143,50.4801,46.9496,152.4658,-145.1823,144.4445,421.3867,32.605,36.3005,111.8774,push,11611553
0.9054,0.1965,1.0495,-0.1874,0.0284,-0.2222,-0.1288,0.2011,-0.4878,-5.2409,13.1204,-35.4614,-190.4785,186.3516,-552.7954,-17.8711,17.2245,-40.3442,right,11611555
0.8753,0.245,1.0611,-0.1466,0.0243,-0.1729,-0.2985,0.2327,-0.7377,-0.8382,17.684,-42.0532,-212.203,174.7087,-547.2412,-23.645,11.0906,-41.5039,right,11611555
0.9162,0.1825,1.0416,-0.0955,0.0232,-0.1154,-0.3069,0.1861,-0.6226,-11.145,17.8554,-55.1147,-198.7793,176.5361,-582.8247,-15.4663,11.3418,-31.1279,right,11611555
0.9112,0.2313,1.1301,-0.1323,0.0415,-0.1722,-0.2924,0.1461,-0.6857,-6.9824,12.1418,-27.5879,-206.5755,185.1194,-526.123,-25.1994,14.083,-46.814,right,11611555
0.9174,0.2412,1.0966,-0.0846,0.0434,-0.1407,-0.2658,0.1984,-0.6624,-3.3732,14.5111,-38.9404,-205.6519,193.0692,-561.3403,-30.127,18.7262,-54.1992,right,11611555
0.9269,0.2526,1.0858,-0.1236,0.0328,-0.1558,-0.1841,0.2504,-0.7496,-0.3581,11.956,-27.8931,-205.4484,175.6028,-499.5728,-32.9264,23.3336,-65.6738,right,11611555
0.922,0.1738,1.0551,-0.0939,0.0267,-0.1168,-0.27,0.1398,-0.6162,-2.5513,10.8967,-32.959,-182.9264,187.0542,-591.1255,-21.4803,17.9817,-50.293,right,11611555
0.9819,0.17,1.1279,-0.1008,0.0308,-0.1418,-0.1963,0.1316,-0.5233,-2.1444,15.0338,-42.9688,-176.8636,201.7928,-624.1455,-26.5666,20.9435,-59.3872,right,11611555
0.9892,0.1599,1.2021,-0.0188,0.0366,-0.0762,-0.1787,0.1614,-0.3816,-8.1706,18.4227,-52.002,-165.7511,196.1881,-636.0474,-22.5505,19.2303,-57.6782,right,11611555
0.8715,0.3119,1.2375,0.004,0.0507,0.1157,-0.2517,0.2322,-0.8013,-8.1584,10.5451,-24.353,-209.4604,220.6523,-545.166,-25.7975,25.6613,-64.27,right,11611555
0.9377,0.2064,1.2047,0.0841,0.033,0.136,-0.2905,0.0855,-0.497,0.5371,7.1104,-13.2446,-175.1953,199.2807,-558.7158,-4.6102,9.0797,-16.8457,right,11611555
0.8283,0.4182,1.329,0.3255,0.1303,0.5714,-0.2152,0.4106,-0.9263,-4.2033,19.8932,-51.3306,-215.4256,216.6934,-629.3335,-44.4784,42.6038,-118.4082,right,11611555
0.3376,0.0892,0.4169,0.3365,0.0203,0.3625,-0.9352,0.0262,-0.9705,9.7961,3.0251,13.6108,10.8337,2.9128,15.7471,-96.2219,12.6521,-109.5581,right,11611555
1.0866,0.1628,1.389,0.2635,0.0478,0.3467,0.1179,0.1378,0.382,8.3211,12.5465,20.5688,-174.0682,232.8495,-673.645,-23.2666,41.4894,-113.5254,right,11611555
0.3708,0.0882,0.504,0.3192,0.0198,0.3599,-0.9925,0.041,-1.0432,15.6698,2.0467,19.5312,-12.8377,9.404,-25.3296,-45.5892,27.8957,-93.0786,right,11611555
1.0108,0.1809,1.2874,0.044,0.0515,0.1042,-0.1897,0.1109,-0.3248,-5.2979,13.2953,-29.6021,-176.4608,245.6631,-753.1128,-21.8791,28.5043,-78.2471,right,11611555
0.9396,0.1723,1.0934,0.0972,0.0558,0.2567,-0.3465,0.1662,-0.588,-15.2425,17.3992,-56.7017,-185.258,186.7711,-602.8442,-22.5138,19.7491,-49.1943,right,11611555
0.9947,0.0972,1.0784,0.022,0.0265,0.0538,-0.3029,0.1906,-0.5363,-8.195,18.4865,-46.0815,-161.4136,197.924,-696.6553,-18.571,21.7269,-60.4858,right,11611555
0.9211,0.2296,1.1158,0.0209,0.0417,0.101,-0.3678,0.0606,-0.5394,-3.6296,20.1817,-65.4907,-197.4731,250.0365,-721.5576,-36.377,30.043,-88.1958,right,11611555
0.9845,0.1456,1.1417,0.0839,0.0098,0.1005,-0.3345,0.0873,-0.4916,-4.4067,16.8782,-33.3862,-211.9141,223.6124,-622.1924,-1.8433,20.0037,-63.1714,left,11611555
0.9424,0.2299,1.1121,0.1279,0.0568,0.2624,-0.1616,0.166,-0.5894,2.6896,13.2569,-28.1982,-224.8657,199.3242,-574.646,-24.113,35.528,-93.4448,left,11611555
0.9673,0.1936,1.1246,0.1338,0.0358,0.2458,-0.1193,0.2085,-0.6014,-2.7913,19.9456,-42.6025,-248.0428,208.7391,-594.7266,-14.1968,24.3913,-69.9463,left,11611555
0.9135,0.2382,1.0571,0.1657,0.0377,0.2474,-0.206,0.2273,-0.6362,-1.6439,10.0494,-24.0479,-233.0688,177.6418,-499.5117,-22.4976,24.0034,-67.4438,left,11611555
0.9597,0.2055,1.0975,0.0927,0.0309,0.1879,-0.1634,0.0916,-0.3428,-11.2223,17.0102,-47.3022,-236.3851,213.3699,-596.1914,-9.257,23.4393,-61.7065,left,11611555
0.872,0.23,1.038,0.1283,0.0334,0.2301,-0.3464,0.1157,-0.6973,-10.6405,16.9844,-42.1753,-211.9954,191.9383,-518.2495,-7.0435,18.6405,-43.335,left,11611555
0.7935,0.238,0.9824,0.1079,0.0531,0.2311,-0.517,0.2335,-1.0597,-6.7505,13.2297,-25.3296,-236.8449,138.4749,-432.1289,-16.2231,11.1485,-33.1421,left,11611555
0.9397,0.2326,1.1173,0.0517,0.0568,0.1954,-0.2833,0.1467,-0.6652,-11.2671,18.4843,-47.7905,-214.9821,172.4346,-502.9907,-13.6515,14.9631,-39.978,left,11611555
0.8765,0.2101,1.0206,0.0789,0.0369,0.187,-0.4336,0.1239,-0.7846,-14.091,19.2394,-42.1143,-206.4087,154.631,-428.1616,-6.7179,12.496,-33.5693,left,11611555
0.8807,0.2575,1.0563,0.0771,0.0441,0.1888,-0.3352,0.1651,-0.7285,1.0335,12.8093,-23.3765,-218.5018,151.5308,-447.3877,-18.2577,17.9229,-48.2178,left,11611555
0.924,0.2128,1.0605,0.0561,0.0389,0.1752,-0.2725,0.1358,-0.4989,-6.4087,14.5959,-37.1704,-212.9517,175.6282,-493.3472,-9.8836,12.9782,-45.5933,left,11611555
0.8711,0.2173,1.079,0.0174,0.0477,0.1217,-0.383,0.1881,-0.7606,-7.7433,14.4154,-37.6587,-204.1667,183.8133,-483.2764,-12.2518,16.1813,-41.0767,left,11611555
0.8611,0.2053,1.0007,0.0582,0.032,0.1396,-0.4114,0.1247,-0.6849,-5.0415,11.5068,-26.7944,-188.0737,157.916,-412.5977,-7.723,13.4486,-33.9355,left,11611555
0.8391,0.2895,1.0529,0.0955,0.037,0.1786,-0.3946,0.1605,-0.7667,2.5065,11.9318,21.8506,-223.1038,147.1465,-427.4292,-13.3057,13.9073,-39.6118,left,11611555
0.872,0.232,1.1058,0.0643,0.0473,0.1815,-0.4591,0.1221,-0.7297,-7.2266,17.6731,-38.0859,-186.8856,184.7099,-475.1587,-11.0758,16.9648,-45.2271,left,11611555
0.7906,0.2357,0.9578,0.0302,0.0319,0.1004,-0.492,0.0836,-0.6749,-1.4079,11.7126,-22.522,-197.0174,112.045,-353.0273,-8.7931,10.8477,-31.311,left,11611555
0.8696,0.1988,0.9964,0.0296,0.0224,0.0803,-0.4268,0.0619,-0.5967,1.1353,15.0024,28.1982,-187.561,136.7818,-396.5454,-10.7951,11.6948,-36.7432,left,11611555
0.698,0.322,1.0046,0.032,0.0498,0.1207,-0.5335,0.29,-1.0453,1.2573,7.5171,16.1743,-203.1575,82.4108,-310.3638,-14.2863,10.704,-27.771,left,11611555
0.8016,0.2261,1.07,0.3251,0.0435,0.4467,-0.2268,0.1542,-0.67,-19.6452,13.2128,-41.9922,-201.1108,233.4331,-634.8877,-18.571,26.9825,-64.3311,up,11611555
0.7832,0.1552,0.9909,0.2264,0.0326,0.3232,-0.2777,0.1174,-0.6023,-16.2476,17.3199,-54.2603,-165.0594,219.3513,-664.6729,-17.9606,29.8972,-81.1157,up,11611555
0.7722,0.131,0.9491,0.3224,0.0174,0.3406,-0.3692,0.0393,-0.4935,-13.7288,21.8884,-65.6738,-165.0106,220.7919,-679.5044,-14.7339,26.4676,-80.8716,up,11611555
0.7947,0.1456,1.0512,0.2922,0.0329,0.345,-0.4019,0.0428,-0.4681,-12.8337,21.0587,-55.3589,-151.3997,214.9032,-650.6348,-14.0828,22.9616,-67.3828,up,11611555
0.7685,0.1672,1.0204,0.2982,0.0301,0.3696,-0.4268,0.0647,-0.5952,-10.2417,14.3991,-40.4663,-144.9056,184.1184,-534.668,-16.3656,25.8771,-72.0215,up,11611555
0.7331,0.1782,0.9506,0.3346,0.0298,0.4152,-0.4831,0.1076,-0.6931,-9.3262,15.5822,-37.5977,-175.7609,178.1058,-490.1123,-20.5973,26.8318,-75.3174,up,11611555
0.7325,0.2114,1.0399,0.3151,0.0293,0.3784,-0.4215,0.0897,-0.6191,-15.092,18.6915,-49.9878,-194.576,210.1621,-561.0352,-24.7599,33.5132,-94.4824,up,11611555
0.778,0.1646,1.0051,0.3427,0.0337,0.3902,-0.4352,0.0479,-0.5357,-6.2297,12.9559,-28.7476,-140.6453,169.0784,-490.3564,-19.0389,28.0107,-72.998,up,11611555
0.6717,0.158,0.8846,0.3388,0.0355,0.4091,-0.5073,0.0892,-0.7308,-12.1053,12.0726,-38.9404,-167.8792,179.6739,-530.2734,-19.3034,24.7624,-72.2046,up,11611555
0.7276,0.1793,0.9514,0.3459,0.0435,0.476,-0.4415,0.0622,-0.6121,-6.9051,11.4628,-29.7852,-152.4048,177.0119,-465.8203,-23.3236,26.5227,-70.5566,up,11611555
0.7803,0.204,1.0132,0.3549,0.0358,0.447,-0.4073,0.0495,-0.5166,-9.0373,16.555,-39.917,-167.8874,207.9422,-556.8237,-23.995,32.7072,-82.4585,up,11611555
0.7177,0.1906,0.9735,0.3682,0.0313,0.4355,-0.4744,0.0997,-0.6647,-10.5143,10.8947,-29.4189,-176.53,159.5598,-430.2368,-17.6961,22.2717,-53.7109,up,11611555
0.7088,0.1912,0.9217,0.4059,0.0237,0.4649,-0.4483,0.0921,-0.6656,-4.6102,12.1496,-26.7334,-164.4043,174.2441,-437.8052,-16.1621,23.2848,-57.7393,up,11611555
0.6903,0.1153,0.8721,0.3391,0.0317,0.3888,-0.3809,0.0795,-0.5431,-7.0231,9.0679,-26.9775,-157.8247,180.6102,-552.5513,-24.8779,24.5867,-77.6978,up,11611555
0.6191,0.1455,0.8144,0.3236,0.0317,0.3669,-0.4043,0.0764,-0.5031,-10.0016,6.649,-22.4609,-184.5052,185.8252,-594.4824,-23.1201,27.6107,-81.3599,up,11611555
0.6982,0.1629,0.9312,0.338,0.0407,0.3959,-0.3851,0.054,-0.4567,-6.2866,12.2044,-41.1377,-152.6001,192.4672,-639.2822,-16.2638,22.3319,-65.1855,up,11611555
0.6467,0.1696,0.8264,0.3652,0.0481,0.4305,-0.4465,0.0983,-0.6562,-6.6488,5.271,-14.8926,-191.5649,191.1286,-541.4429,-22.7336,24.0015,-69.5801,up,11611555
0.6672,0.1681,0.8865,0.3155,0.0426,0.4087,-0.4053,0.0738,-0.5193,-8.7972,4.3715,-17.7612,-187.264,169.8014,-523.3154,-23.3765,23.4337,-66.1011,up,11611555
1.0501,0.503,2.1099,-0.0896,0.0704,-0.1573,-0.4432,0.1144,-0.6331,-13.2894,14.8908,-47.7295,-193.6198,225.5371,-623.23,-13.8346,23.6506,48.4619,down,11611555
0.8289,0.1612,1.1682,-0.227,0.0238,-0.2734,-0.4176,0.0585,-0.5599,-12.5977,25.3217,-84.2285,-195.8415,220.944,-770.2026,-14.3311,9.9031,-26.001,down,11611555
0.7841,0.1208,0.9617,-0.1424,0.0344,-0.2303,-0.5937,0.1063,-0.7311,-13.4562,21.5449,-65.7959,-139.6484,163.9817,-545.0439,-10.8846,8.6306,-28.3203,down,11611555
0.8183,0.1573,0.9671,-0.1298,0.0434,-0.1853,-0.4899,0.1084,-0.7122,-14.0828,20.5905,-59.8755,-169.4661,170.9405,-530.0903,-10.6649,10.4748,-24.231,down,11611555
0.7345,0.2268,0.9113,-0.0399,0.0514,-0.1292,-0.6015,0.1411,-0.8732,-11.3444,16.2104,-39.978,-169.4743,152.4745,-416.5039,-9.6842,7.0816,-23.9868,down,11611555
0.7438,0.1971,0.9223,-0.1445,0.046,-0.2208,-0.565,0.1465,-0.9482,-12.5326,14.7413,-43.7622,-171.3949,163.8019,-481.1401,-8.6995,5.1579,-16.7847,down,11611555
0.7131,0.2343,1.1008,-0.1274,0.0429,-0.1984,-0.6606,0.1363,-0.947,-16.9352,20.0474,-60.2417,-186.9426,141.1341,-485.4736,-14.3229,12.657,-29.7852,down,11611555
0.833,0.1976,1.009,-0.1501,0.0422,-0.1929,-0.4503,0.1529,-0.7779,-12.6383,15.7604,-41.8091,-170.7438,173.0402,-441.2231,-20.6543,12.3866,-41.9922,down,11611555
0.7025,0.2856,1.2983,-0.2006,0.0463,-0.2569,-0.7056,0.1485,-1.1467,-18.925,22.7574,-67.8101,-179.2765,130.5684,-460.2051,-13.4399,11.5977,-28.8696,down,11611555
0.6786,0.1792,0.9033,-0.1435,0.0635,-0.2197,-0.6869,0.1282,-1.0079,-18.8192,21.345,-56.4575,-173.6328,143.3456,-431.0913,-15.3687,10.7372,-34.1797,down,11611555
0.7158,0.1936,1.0887,-0.1481,0.0676,-0.221,-0.5649,0.1411,-1.0129,-17.3462,21.4962,-61.2183,-187.439,193.6582,-597.4731,-10.5754,8.7526,-24.4751,down,11611555
0.7297,0.2182,1.1081,-0.1711,0.0707,-0.2417,-0.6526,0.1573,-1.1117,-17.8507,23.9809,-63.2324,-161.1369,125.1061,-397.644,-14.9536,9.448,-28.9917,down,11611555
0.7748,0.1986,1.0804,-0.1366,0.0499,-0.1912,-0.5616,0.1644,-0.847,-24.1455,17.0251,-51.5137,-165.4866,144.8896,-369.0796,-15.7064,5.8287,-26.4893,down,11611555
0.7473,0.1389,0.9675,-0.1858,0.0654,-0.2726,-0.5999,0.0612,-0.7629,-19.6452,20.6451,-61.8286,-155.0415,150.2715,-467.7734,-21.5291,10.694,-33.4473,down,11611555
0.7694,0.2375,1.1362,-0.1183,0.0573,-0.1874,-0.6038,0.1085,-0.8743,-18.1925,18.1429,-52.8564,-160.0667,140.8542,-424.5605,-9.2529,8.63,-21.7285,down,11611555
0.7758,0.1888,0.9804,-0.1611,0.0604,-0.2416,-0.5455,0.0661,-0.6667,-22.8963,18.3922,-55.9082,-144.2464,152.1467,-417.2974,-13.9323,5.0405,-19.8975,down,11611555
0.5742,0.1374,0.8081,-0.1484,0.0597,-0.2471,-0.7399,0.1023,-0.901,-21.1182,11.4734,-41.0156,-124.8861,101.3286,-283.5693,-7.8451,4.278,-16.3574,down,11611555
0.7995,0.2098,1.2759,-0.2142,0.0325,-0.2556,-0.6833,0.1571,-1.1483,-11.8205,16.2006,-46.7529,-126.0986,139.5807,-430.1147,-9.2,11.2321,-28.4424,down,11611555
0.5173,0.1538,0.8141,-0.192,0.0844,-0.3234,-0.7224,0.1244,-1.0079,-17.4357,10.6808,-41.9922,-131.3599,110.5165,-360.9009,-15.4663,10.8991,-32.4707,down,11611555
