meanX,sdX,rangeX,meanY,sdY,rangeY,meanZ,sdZ,rangeZ,wristArmed,label,studentId
1.0006,0.1730,0.8057,-0.1131,0.1161,0.3876,0.0467,0.1620,0.7362,0,push,11611553
0.9768,0.2013,0.8768,-0.0760,0.0752,0.2516,-0.0662,0.1599,0.6814,0,push,11611553
0.9677,0.2148,0.8992,-0.0369,0.0816,0.2884,0.0211,0.1927,0.8004,0,push,11611553
1.0195,0.1974,0.9463,-0.1615,0.2047,0.5827,0.0434,0.1089,0.4874,0,push,11611553
1.1079,0.2373,0.6573,0.1333,0.0180,0.0415,0.3735,0.1420,0.3836,0,push,11611553
0.9911,0.3471,1.0924,0.0896,0.0108,0.0346,0.1528,0.1510,0.4327,0,push,11611553
1.0106,0.2000,0.8326,0.1476,0.0287,0.1083,0.0579,0.1392,0.5426,0,push,11611553
1.0061,0.1855,0.9142,0.0987,0.0720,0.2386,0.0433,0.1040,0.5029,0,push,11611553
0.9980,0.2607,1.0604,0.0579,0.1094,0.3830,0.0067,0.1895,0.7701,0,push,11611553
0.9720,0.2435,1.0633,-0.0623,0.2152,0.6163,0.0271,0.2106,0.7720,0,push,11611553
1.0131,0.1623,0.8031,0.0115,0.0714,0.2729,0.1376,0.1117,0.5429,0,push,11611553
0.9619,0.1759,0.8244,-0.1684,0.0451,0.1421,-0.0849,0.0799,0.4260,0,push,11611553
0.9638,0.1966,0.8622,-0.1019,0.0508,0.1887,-0.0230,0.1412,0.6208,0,push,11611553
0.9289,0.2920,1.1856,-0.0811,0.0954,0.2768,-0.0100,0.2494,1.0266,0,push,11611553
0.9838,0.2247,0.9524,-0.1040,0.0451,0.1401,0.0062,0.1538,0.6521,0,push,11611553
0.9643,0.2395,1.0195,-0.0068,0.0787,0.2800,0.0305,0.1984,0.8071,0,push,11611553
0.9178,0.2537,0.9336,-0.0286,0.0419,0.1599,-0.0289,0.2672,0.9571,0,push,11611553
0.9144,0.2473,1.0164,0.0396,0.0687,0.2127,0.0504,0.3380,1.1231,0,push,11611553
0.9233,0.1658,0.7059,0.0840,0.0481,0.1422,-0.3338,0.1524,0.5122,0,push,11611553
0.9203,0.2007,0.8188,-0.1104,0.0855,0.3147,-0.0888,0.2060,0.7818,0,push,11611553
0.9404,0.1632,0.6811,-0.0811,0.0767,0.2974,-0.0909,0.1110,0.5079,0,push,11611553
0.9520,0.2115,0.8992,-0.1424,0.0789,0.2830,-0.0240,0.1601,0.5854,0,push,11611553
0.9759,0.1830,0.8098,-0.0815,0.0583,0.2025,-0.0101,0.1288,0.5229,0,push,11611553
0.9993,0.1823,0.8345,-0.1697,0.1430,0.4268,-0.0104,0.1449,0.4987,0,push,11611553
0.9740,0.1799,0.7892,-0.1186,0.0849,0.2822,-0.0133,0.1341,0.5798,0,push,11611553
0.9185,0.2375,0.8708,-0.0901,0.0752,0.2505,-0.1167,0.2519,0.8800,0,push,11611553
0.9293,0.1998,0.7635,-0.0768,0.0577,0.1935,-0.1690,0.2013,0.7052,0,push,11611553
0.9691,0.2288,0.8698,-0.0505,0.1175,0.3639,0.0563,0.2409,0.9225,0,push,11611553
0.8961,0.2509,0.9288,-0.0425,0.0878,0.3105,-0.1160,0.2931,0.9007,0,push,11611553
0.9119,0.2447,0.8668,-0.0800,0.0995,0.3247,-0.0116,0.2868,1.0650,0,push,11611553
0.9707,0.1883,0.7994,-0.0907,0.1034,0.3236,-0.1000,0.1640,0.7024,0,push,11611553
0.9891,0.2134,0.8899,-0.2085,0.1440,0.4606,-0.0260,0.1437,0.5732,0,push,11611553
0.9980,0.1845,0.8040,-0.0071,0.1172,0.3861,-0.0372,0.1610,0.6957,0,push,11611553
0.9424,0.2605,1.0295,-0.0931,0.1665,0.5274,-0.0505,0.3214,1.2049,0,push,11611553
0.9626,0.2192,0.8872,-0.0260,0.0581,0.2004,-0.0764,0.1779,0.7199,0,push,11611553
0.9389,0.2598,0.9481,-0.1028,0.1578,0.4874,-0.0298,0.2882,1.0568,0,push,11611553
0.9392,0.2818,0.9531,-0.0428,0.0629,0.2170,-0.0596,0.2636,0.9013,0,push,11611553
0.8266,0.2476,0.7281,0.0462,0.0224,0.0673,-0.1348,0.2750,0.8035,0,push,11611553
0.8234,0.2868,0.9034,-0.1064,0.0764,0.2318,-0.1074,0.3432,1.0748,0,push,11611553
0.9686,0.1588,0.7047,-0.1560,0.1401,0.4694,0.0199,0.1778,0.7924,0,push,11611553
1.0110,0.1493,0.7536,-0.0632,0.1371,0.4448,0.1474,0.1236,0.5312,0,push,11611553
1.0538,0.3527,1.5493,0.1313,0.0718,0.2696,-0.0391,0.1770,0.7106,0,down,11611553
0.9778,0.2113,0.9700,0.0692,0.0549,0.1725,-0.1449,0.1325,0.5780,0,down,11611553
0.9986,0.2330,0.9465,0.1811,0.0509,0.1846,-0.2506,0.1244,0.4981,0,down,11611553
1.0687,0.2339,1.0685,0.0465,0.0351,0.1361,-0.1710,0.0872,0.2808,0,down,11611553
1.1105,0.2679,1.1918,-0.0142,0.0276,0.1217,-0.2097,0.1437,0.5431,0,down,11611553
0.9434,0.2127,0.9702,0.0440,0.0212,0.0987,-0.1743,0.1332,0.5740,0,down,11611553
1.0271,0.2018,0.9456,0.0107,0.0205,0.0739,-0.1531,0.1168,0.4814,0,down,11611553
1.1244,0.3490,1.3550,0.0362,0.0385,0.1448,-0.2034,0.1790,0.5877,0,down,11611553
0.5665,0.2046,0.6461,0.3067,0.0447,0.1301,-0.7281,0.1583,0.5145,0,down,11611553
0.8471,0.1891,0.5146,-0.0528,0.0279,0.0799,-0.1846,0.0620,0.1731,0,down,11611553
1.0161,0.2009,0.9313,0.0874,0.0218,0.0968,-0.2128,0.1134,0.4620,0,down,11611553
0.9635,0.2125,0.9953,0.0203,0.0393,0.1823,-0.2491,0.1477,0.6018,0,down,11611553
0.9728,0.2495,0.9183,0.0130,0.0418,0.1471,-0.2305,0.1249,0.4612,0,down,11611553
1.0813,0.2510,1.0469,0.0653,0.0488,0.2044,-0.2551,0.1446,0.5614,0,down,11611553
1.0104,0.2970,1.1140,0.0552,0.0557,0.2156,-0.1729,0.1511,0.5643,0,down,11611553
1.0893,0.3487,1.3594,0.0595,0.0596,0.2224,-0.1548,0.1571,0.6391,0,down,11611553
1.0644,0.3191,1.2895,-0.0487,0.0269,0.1014,-0.2570,0.1776,0.7212,0,down,11611553
1.0208,0.2763,1.0665,0.0439,0.0592,0.2061,-0.3504,0.1021,0.4035,0,down,11611553
0.9072,0.1867,0.7892,0.1746,0.0277,0.1090,-0.3384,0.1431,0.5884,0,down,11611553
0.9920,0.2053,0.9400,0.0382,0.0170,0.0700,-0.3881,0.1064,0.4391,0,down,11611553
0.9316,0.1975,0.8505,0.0389,0.0375,0.1290,-0.3132,0.1934,0.7236,0,down,11611553
1.0388,0.2122,0.9371,0.0408,0.0297,0.1236,-0.2449,0.1282,0.5627,0,down,11611553
0.9659,0.2684,1.1846,-0.0233,0.0173,0.0802,-0.4073,0.1581,0.7076,0,down,11611553
1.1483,0.3315,1.2803,-0.0232,0.0663,0.2143,-0.3718,0.1066,0.4941,0,down,11611553
1.0005,0.2503,1.1529,-0.0120,0.0173,0.0624,-0.3342,0.1134,0.5030,0,down,11611553
1.0452,0.2501,1.1472,0.0204,0.0290,0.1300,-0.1604,0.1783,0.7012,0,down,11611553
1.0277,0.2313,1.0393,0.2075,0.0639,0.2533,-0.4005,0.1538,0.5838,0,down,11611553
1.0303,0.2891,1.0935,0.2115,0.0640,0.2507,-0.3852,0.0927,0.3854,0,down,11611553
0.9519,0.3130,1.1865,0.1086,0.0618,0.1790,-0.6246,0.0748,0.2858,0,down,11611553
0.8807,0.2350,0.9348,0.1054,0.0514,0.2483,-0.5790,0.1417,0.5710,0,down,11611553
0.8847,0.1773,0.7505,0.3149,0.0364,0.1360,-0.2932,0.0979,0.4150,0,up,11611553
0.8541,0.1977,0.7674,0.3924,0.0410,0.1569,-0.0704,0.1539,0.7146,0,up,11611553
0.8635,0.1977,0.7454,0.3990,0.0784,0.2711,-0.1960,0.2148,0.7748,0,up,11611553
0.7476,0.2069,0.7723,0.3742,0.0730,0.2858,-0.1936,0.1351,0.5753,0,up,11611553
0.8115,0.2016,0.7981,0.3987,0.0444,0.1748,-0.2826,0.1178,0.4822,0,up,11611553
0.8199,0.1950,0.8434,0.3827,0.0651,0.2469,-0.2430,0.1939,0.8376,0,up,11611553
0.8456,0.1886,0.6756,0.3739,0.0557,0.2164,-0.1676,0.1462,0.5460,0,up,11611553
0.8045,0.2054,0.7758,0.3858,0.0443,0.1851,-0.1630,0.1119,0.5024,0,up,11611553
0.8727,0.1985,0.7957,0.3301,0.0642,0.2322,-0.2667,0.1827,0.6561,0,up,11611553
0.8084,0.2057,0.7820,0.3430,0.0622,0.2166,-0.2746,0.2158,0.7583,0,up,11611553
0.7825,0.1871,0.7133,0.3547,0.0859,0.2709,-0.3481,0.2148,0.6658,0,up,11611553
0.7684,0.1790,0.7127,0.3637,0.0579,0.2178,-0.3085,0.1935,0.6747,0,up,11611553
0.7687,0.2142,0.8407,0.3869,0.0752,0.2517,-0.3169,0.2142,0.6652,0,up,11611553
0.7628,0.2200,0.9038,0.3865,0.0714,0.2505,-0.2474,0.2109,0.7968,0,up,11611553
0.7275,0.1878,0.7279,0.3189,0.0447,0.1745,-0.5204,0.1120,0.4844,0,up,11611553
0.8340,0.1529,0.7080,0.5060,0.0341,0.1416,-0.0182,0.1257,0.5295,0,up,11611553
0.8309,0.1846,0.7820,0.4588,0.0388,0.1112,-0.1011,0.0997,0.4233,0,up,11611553
0.8272,0.1832,0.8094,0.4686,0.0497,0.1585,-0.0810,0.1233,0.5308,0,up,11611553
0.7789,0.1849,0.7453,0.5425,0.0388,0.1449,-0.1081,0.1177,0.4692,0,up,11611553
0.8481,0.1373,0.6257,0.3793,0.0312,0.1260,-0.1275,0.0654,0.2982,0,up,11611553
0.8398,0.1372,0.5923,0.4365,0.0563,0.2065,-0.1829,0.0825,0.3762,0,up,11611553
0.8043,0.1319,0.5623,0.4407,0.0953,0.3622,-0.0770,0.1183,0.5166,0,up,11611553
0.7407,0.1725,0.7111,0.5330,0.0451,0.1543,-0.0488,0.1308,0.5852,0,up,11611553
0.8047,0.2433,0.9491,0.4263,0.0524,0.1901,-0.0753,0.1379,0.6759,0,up,11611553
0.7817,0.1921,0.7454,0.4435,0.0380,0.1292,-0.2398,0.0942,0.4330,0,up,11611553
0.8420,0.1080,0.4907,0.4002,0.0302,0.1122,-0.2978,0.0925,0.4000,0,up,11611553
0.7664,0.1589,0.6302,0.4115,0.0596,0.2460,-0.2122,0.1201,0.5918,0,up,11611553
0.8506,0.1780,0.7255,0.3405,0.0438,0.2031,-0.1750,0.1382,0.6363,0,up,11611553
0.5750,0.2245,0.6620,0.2932,0.0996,0.3061,-0.1792,0.1249,0.5034,0,up,11611553
0.8696,0.1585,0.7047,0.3611,0.0185,0.0843,-0.1873,0.0885,0.4032,0,up,11611553
0.9685,0.1521,0.6471,0.1855,0.0226,0.0841,-0.0831,0.1642,0.6717,0,left,11611553
0.9862,0.1227,0.6121,0.1847,0.0187,0.0798,-0.0790,0.0546,0.2712,0,left,11611553
0.9339,0.1898,0.7901,0.1742,0.0200,0.0852,-0.2199,0.1664,0.6621,0,left,11611553
0.9388,0.1978,0.8538,0.2009,0.0263,0.0977,-0.1176,0.1316,0.5653,0,left,11611553
0.7344,0.3175,0.8490,0.1600,0.0385,0.1201,-0.2288,0.3922,1.1665,0,left,11611553
0.9807,0.1631,0.8085,0.1562,0.0073,0.0247,-0.0724,0.1278,0.6277,0,left,11611553
0.9413,0.1779,0.7880,0.2159,0.0119,0.0457,-0.0852,0.1115,0.4664,0,left,11611553
0.9984,0.1648,0.8268,0.2210,0.0223,0.0781,0.0081,0.0648,0.3111,0,left,11611553
0.9134,0.2219,0.8634,0.2583,0.0351,0.1257,-0.1976,0.1865,0.7132,0,left,11611553
0.9371,0.1912,0.8052,0.2559,0.0313,0.0986,-0.0982,0.1533,0.6359,0,left,11611553
0.9497,0.1365,0.6151,0.2764,0.0258,0.1122,-0.0787,0.1720,0.6457,0,left,11611553
0.9380,0.1858,0.7972,0.2219,0.0284,0.1257,-0.0481,0.2239,0.9223,0,left,11611553
0.9437,0.1399,0.6056,0.2696,0.0243,0.1113,-0.1040,0.1543,0.5704,0,left,11611553
0.9583,0.1650,0.7350,0.2397,0.0361,0.1267,-0.1080,0.1240,0.5608,0,left,11611553
0.9539,0.1588,0.6905,0.2496,0.0101,0.0345,-0.0766,0.1468,0.5733,0,left,11611553
0.8735,0.2542,0.8713,0.2084,0.0277,0.1284,-0.1348,0.2544,0.8337,0,left,11611553
0.9348,0.1682,0.6886,0.1754,0.0393,0.1712,-0.1108,0.1475,0.6031,0,left,11611553
0.9600,0.1669,0.8173,0.2334,0.0492,0.2002,-0.0085,0.1169,0.5320,0,left,11611553
0.9445,0.1377,0.6195,0.2240,0.0484,0.2138,-0.1165,0.1375,0.5048,0,left,11611553
0.9311,0.1638,0.6847,0.1949,0.0360,0.1470,-0.0477,0.1875,0.6900,0,left,11611553
1.0025,0.1391,0.6733,0.1428,0.0284,0.1078,0.0020,0.1312,0.5464,0,left,11611553
0.9891,0.1288,0.6469,0.0688,0.0290,0.1062,-0.1051,0.1036,0.4513,0,left,11611553
0.9488,0.1809,0.8234,0.1706,0.0330,0.1352,-0.1219,0.0951,0.4194,0,left,11611553
0.9232,0.2091,0.7895,0.1559,0.0560,0.2109,-0.1348,0.1829,0.6584,0,left,11611553
0.8692,0.2273,0.8316,0.1943,0.0331,0.1342,-0.1694,0.2499,0.8274,0,left,11611553
0.8387,0.2311,0.8399,0.2677,0.0611,0.1768,-0.1799,0.2239,0.9075,0,left,11611553
0.8782,0.2212,0.8048,0.1879,0.0504,0.1586,-0.1577,0.2526,0.9032,0,left,11611553
0.8739,0.2255,0.8076,0.1846,0.0505,0.1938,-0.2022,0.2787,0.9415,0,left,11611553
0.8847,0.2029,0.8105,0.2522,0.0462,0.1947,-0.2671,0.1723,0.6208,0,left,11611553
0.7324,0.2661,0.8221,0.1488,0.0650,0.2121,-0.5590,0.2351,0.7465,0,left,11611553
0.7397,0.2555,0.8173,0.1063,0.0352,0.1181,-0.5614,0.2447,0.7582,0,left,11611553
0.9051,0.1568,0.6138,0.1368,0.0125,0.0362,-0.3771,0.1360,0.5165,0,left,11611553
0.9270,0.2350,0.9188,0.1116,0.0428,0.1637,-0.1589,0.1426,0.5919,0,right,11611553
0.1987,0.0139,0.0545,-0.0884,0.0224,0.0740,-1.0026,0.0148,0.0610,0,right,11611553
0.9462,0.2288,1.0051,0.2016,0.0225,0.0995,-0.0886,0.1899,0.8400,0,right,11611553
0.9244,0.2439,0.9161,0.1751,0.0225,0.0928,-0.0168,0.2059,0.7773,0,right,11611553
0.8106,0.2822,0.8583,0.1409,0.0571,0.1717,-0.3624,0.3065,0.8914,0,right,11611553
0.8729,0.2298,0.8103,0.0850,0.0336,0.1171,-0.3347,0.1484,0.5236,0,right,11611553
0.8467,0.2489,0.8336,0.1270,0.0428,0.1495,-0.3042,0.1540,0.5726,0,right,11611553
0.9676,0.2079,0.8793,0.1639,0.0224,0.0721,-0.0484,0.1443,0.6613,0,right,11611553
0.8104,0.2570,0.8939,0.0888,0.0308,0.0983,-0.3919,0.2091,0.7307,0,right,11611553
0.2328,0.0491,0.1569,-0.1253,0.0218,0.0768,-0.9872,0.0087,0.0328,0,right,11611553
0.9609,0.1987,0.7959,0.1995,0.0263,0.1056,-0.0253,0.1675,0.6496,0,right,11611553
0.9209,0.2279,0.8688,0.1315,0.0217,0.0789,-0.0597,0.1802,0.6315,0,right,11611553
0.9150,0.2240,0.8695,0.1311,0.0395,0.1281,-0.0011,0.2409,0.8459,0,right,11611553
0.9480,0.2201,0.8739,0.1607,0.0466,0.1770,0.0693,0.1599,0.7074,0,right,11611553
0.9305,0.2353,0.8475,0.1012,0.0326,0.1135,-0.1235,0.2408,0.7710,0,right,11611553
0.8939,0.2742,0.9174,0.1435,0.0268,0.0795,-0.1059,0.2645,0.8866,0,right,11611553
0.9216,0.2339,0.8217,0.1292,0.0252,0.1087,0.0079,0.2619,0.9303,0,right,11611553
0.9588,0.2440,0.9284,0.1159,0.0381,0.1511,-0.0679,0.2017,0.8024,0,right,11611553
0.9393,0.2412,0.9490,0.0994,0.0396,0.1274,-0.1437,0.1967,0.7560,0,right,11611553
0.9409,0.1995,0.7823,0.1514,0.0482,0.1643,-0.0631,0.1910,0.7461,0,right,11611553
0.9658,0.2032,0.7963,0.1592,0.0511,0.1698,-0.1330,0.2308,0.9973,0,right,11611553
0.9060,0.2509,0.8743,0.1520,0.0419,0.1574,-0.0964,0.2406,0.9007,0,right,11611553
0.9972,0.1546,0.6823,0.1715,0.0400,0.1582,0.0770,0.1646,0.7562,0,right,11611553
0.8835,0.2435,0.8164,0.1398,0.0487,0.1380,-0.2005,0.3003,0.8861,0,right,11611553
0.9496,0.2452,0.9194,0.1493,0.0408,0.1400,-0.0759,0.1911,0.7584,0,right,11611553
0.9171,0.2179,0.7700,0.1543,0.0610,0.2238,-0.1421,0.2177,0.7957,0,right,11611553
0.9243,0.2302,0.8490,0.1614,0.0417,0.1479,-0.1421,0.1995,0.7061,0,right,11611553
0.9168,0.2460,0.9138,0.1838,0.0466,0.1967,-0.1062,0.1935,0.7799,0,right,11611553
0.9669,0.1964,0.8709,0.2186,0.0540,0.1930,0.0624,0.1456,0.6253,0,right,11611553
0.9345,0.2368,0.9264,0.1677,0.0425,0.1735,-0.1061,0.1952,0.7123,0,right,11611553
0.9201,0.1568,0.6971,0.2821,0.0628,0.2133,0.0440,0.1818,0.7498,0,right,11611553
0.8803,0.4675,1.3188,0.0057,0.1460,0.4529,-0.2908,0.2971,0.9494,0,left,11804106
0.9155,0.3550,1.1352,-0.1703,0.1090,0.3497,-0.2839,0.2872,0.9244,0,left,11804106
0.9384,0.2656,1.0185,-0.1269,0.1093,0.4131,-0.3542,0.1777,0.4475,0,left,11804106
0.9969,0.2744,1.1214,-0.0785,0.1370,0.5589,-0.2330,0.1384,0.3825,0,left,11804106
0.9346,0.2279,0.9250,-0.0073,0.1230,0.5323,-0.4457,0.1608,0.4492,0,left,11804106
0.7583,0.2117,0.7643,-0.1211,0.0381,0.1170,-0.6707,0.1122,0.3585,0,left,11804106
0.9772,0.2603,0.8679,-0.1816,0.0687,0.2896,-0.1864,0.2304,0.7181,0,left,11804106
0.8950,0.3134,1.1067,-0.1371,0.1102,0.4113,-0.2273,0.2557,0.6949,0,left,11804106
0.8677,0.1573,0.6772,-0.2117,0.0437,0.1856,-0.5566,0.0993,0.3655,0,left,11804106
0.7400,0.1913,0.6436,-0.2589,0.1395,0.4946,-0.6880,0.0433,0.1625,0,left,11804106
0.7055,0.1189,0.5632,-0.0803,0.0720,0.3331,-0.8527,0.1595,0.7575,0,left,11804106
0.8998,0.3189,1.0321,-0.1042,0.1228,0.3995,-0.4235,0.1647,0.5494,0,left,11804106
1.1044,0.2847,1.2222,0.0683,0.1301,0.5087,-0.2318,0.1685,0.5077,0,left,11804106
0.7549,0.3956,1.0801,-0.0530,0.1714,0.4716,-0.5000,0.1727,0.4566,0,left,11804106
0.8383,0.3683,1.0066,0.0158,0.0658,0.2103,-0.4157,0.1956,0.6288,0,left,11804106
0.8962,0.2907,0.9363,0.0192,0.0670,0.2384,-0.3972,0.2782,0.8736,0,left,11804106
1.1012,0.3623,1.4401,-0.0432,0.0930,0.2925,-0.1112,0.1947,0.7394,0,left,11804106
0.8399,0.3803,1.0393,-0.0902,0.0580,0.2207,-0.4188,0.3058,1.0410,0,left,11804106
0.9181,0.2928,1.0391,-0.1503,0.0362,0.1454,-0.4369,0.1146,0.3218,0,left,11804106
1.0016,0.3388,1.3407,-0.0956,0.1858,0.6613,-0.2273,0.1521,0.5055,0,left,11804106
0.9265,0.3178,1.1011,-0.0732,0.0833,0.3101,-0.2116,0.2838,0.9451,0,left,11804106
0.9190,0.2955,0.9139,0.0532,0.1116,0.4211,-0.3586,0.2152,0.7414,0,left,11804106
0.7911,0.2471,0.8890,-0.1756,0.0817,0.3642,-0.5773,0.1106,0.3140,0,left,11804106
0.3399,0.2491,0.8094,-0.3324,0.0404,0.1973,-0.7630,0.1736,0.5060,0,left,11804106
0.7185,0.3097,0.8477,-0.0985,0.0591,0.2001,-0.6023,0.1762,0.6309,0,left,11804106
1.0718,0.3167,1.2699,-0.1656,0.0856,0.2823,-0.2011,0.0780,0.2608,0,left,11804106
1.1019,0.3067,1.2344,-0.3336,0.1708,0.6152,-0.1938,0.2185,0.6444,0,left,11804106
0.8917,0.4057,1.3749,-0.5007,0.1832,0.6924,-0.2613,0.2322,0.8474,0,left,11804106
0.9771,0.2773,1.2049,-0.3981,0.0968,0.3906,-0.1967,0.1600,0.4589,0,left,11804106
0.9875,0.1886,0.8153,-0.3999,0.0993,0.4327,-0.2734,0.2102,0.6650,0,left,11804106
1.0185,0.2507,1.0959,-0.2694,0.1257,0.5759,-0.1962,0.2559,0.7240,0,left,11804106
0.8767,0.2564,0.8075,-0.2487,0.0846,0.2660,-0.3427,0.2511,0.6739,0,down,11804106
0.9164,0.2144,0.8573,-0.2928,0.0689,0.2528,-0.3061,0.2447,0.6815,0,down,11804106
0.9639,0.3176,1.3148,-0.2808,0.1529,0.5638,-0.0614,0.1974,0.6230,0,down,11804106
0.9298,0.2495,0.9582,-0.1929,0.0855,0.2380,-0.1325,0.3559,0.9750,0,down,11804106
0.9702,0.3248,1.1379,0.0332,0.0862,0.2678,-0.0743,0.3079,0.9460,0,down,11804106
0.3400,0.2049,0.6113,-0.2701,0.0411,0.1302,-0.9089,0.1514,0.4733,0,down,11804106
0.8233,0.3013,0.9538,-0.2690,0.0851,0.3300,-0.3605,0.2666,0.8177,0,down,11804106
1.0331,0.2503,0.9621,-0.1198,0.0894,0.4383,-0.2371,0.3186,1.0123,0,down,11804106
1.1232,0.3244,1.3712,-0.2130,0.0871,0.3886,-0.1879,0.2855,0.8938,0,down,11804106
0.9428,0.2979,1.0068,-0.2450,0.0922,0.3223,-0.5052,0.2171,0.7605,0,down,11804106
1.0998,0.3207,1.0853,-0.2130,0.0722,0.2571,-0.5920,0.2055,0.6708,0,down,11804106
0.7283,0.3469,1.0914,-0.0381,0.0490,0.1520,-0.5536,0.1247,0.3310,0,down,11804106
1.0461,0.2304,0.9700,-0.1438,0.0934,0.3090,-0.3172,0.2907,0.8896,0,down,11804106
1.0655,0.2990,1.1495,-0.1837,0.0850,0.3102,-0.2062,0.3069,1.0085,0,down,11804106
0.9678,0.2851,1.0589,-0.1548,0.1336,0.5160,-0.2107,0.2095,0.6550,0,down,11804106
1.2560,0.4699,1.6111,-0.2282,0.1125,0.3955,-0.1480,0.2080,0.6053,0,down,11804106
0.9982,0.2857,1.0814,-0.1037,0.0992,0.2996,-0.3129,0.1970,0.6729,0,down,11804106
0.9899,0.2966,1.1816,-0.1568,0.0852,0.2788,-0.2612,0.2321,0.6938,0,down,11804106
1.0533,0.2627,1.0553,-0.1551,0.0815,0.3204,-0.2503,0.2445,0.6886,0,down,11804106
0.4922,0.3606,1.1182,0.0906,0.1123,0.3563,-0.7040,0.2853,0.7834,0,down,11804106
0.9624,0.3847,1.1995,-0.0343,0.0713,0.2207,-0.3585,0.1848,0.6324,0,down,11804106
1.0530,0.3588,1.2997,-0.1283,0.0620,0.1748,-0.2250,0.2398,0.7021,0,down,11804106
0.7361,0.3261,0.9491,-0.0928,0.0662,0.2146,-0.5648,0.2269,0.7007,0,down,11804106
0.8235,0.3396,0.9731,-0.2138,0.0721,0.2200,-0.4289,0.2123,0.8037,0,down,11804106
0.8797,0.3394,1.0280,-0.2112,0.0574,0.2076,-0.3618,0.2677,0.9302,0,down,11804106
0.9274,0.2988,0.9819,-0.1586,0.0509,0.2158,-0.3131,0.2762,0.9124,0,down,11804106
0.9615,0.3051,1.0419,-0.1945,0.0647,0.1919,-0.2491,0.2516,0.8361,0,down,11804106
0.9651,0.2621,0.9580,-0.2676,0.1266,0.4121,-0.3379,0.2875,0.7820,0,down,11804106
0.9398,0.3043,1.0153,-0.1834,0.0490,0.1536,-0.3649,0.2818,0.8758,0,down,11804106
0.9009,0.3087,0.9661,-0.1201,0.0706,0.2293,-0.4379,0.2078,0.5667,0,down,11804106
1.0973,0.4500,1.3509,-0.1095,0.0966,0.3076,-0.2786,0.1715,0.5506,0,down,11804106
1.0469,0.2515,0.9141,-0.1317,0.0668,0.2526,-0.6062,0.2090,0.6868,0,down,11804106
1.0119,0.4152,1.4891,-0.2217,0.0509,0.1795,-0.2764,0.3098,0.9604,0,down,11804106
1.0190,0.2498,0.9446,-0.2425,0.0813,0.2834,-0.3961,0.2458,0.8418,0,down,11804106
0.9718,0.3433,1.0806,-0.1464,0.0503,0.1872,-0.3417,0.1720,0.6122,0,down,11804106
1.0252,0.2467,0.9888,-0.1784,0.1572,0.5467,-0.2742,0.2763,0.8365,0,down,11804106
0.9730,0.3081,1.0144,-0.1512,0.0902,0.3499,-0.2356,0.2372,0.7913,0,down,11804106
0.9923,0.3426,1.1945,-0.0187,0.0736,0.2233,-0.2243,0.3295,0.9718,0,down,11804106
0.9497,0.3428,1.0959,-0.1380,0.0940,0.2796,-0.3192,0.1881,0.7550,0,down,11804106
0.6067,0.3205,1.0389,-0.1454,0.0272,0.1277,-0.6561,0.3321,0.8283,0,down,11804106
0.7965,0.1668,0.6060,-0.1372,0.0574,0.2381,-0.4903,0.1517,0.5170,0,up,11804106
0.8291,0.1686,0.6019,-0.1590,0.0360,0.1647,-0.4073,0.2084,0.7577,0,up,11804106
0.8315,0.1950,0.7340,-0.0984,0.0472,0.1823,-0.4400,0.2188,0.7571,0,up,11804106
0.8227,0.1638,0.4897,-0.0282,0.0342,0.1620,-0.5590,0.2128,0.7001,0,up,11804106
0.8141,0.2196,0.8484,-0.0429,0.0502,0.1931,-0.4579,0.2336,0.6903,0,up,11804106
0.7662,0.2052,0.7893,0.0172,0.0393,0.1405,-0.6123,0.1667,0.6007,0,up,11804106
0.6235,0.1586,0.5427,0.1214,0.0215,0.0943,-0.7543,0.1112,0.3815,0,up,11804106
0.8228,0.1769,0.6607,-0.0182,0.0336,0.1389,-0.5165,0.1517,0.5041,0,up,11804106
0.7034,0.1469,0.5341,-0.0071,0.0340,0.1454,-0.6333,0.1192,0.4043,0,up,11804106
0.7197,0.1985,0.7183,0.0247,0.0448,0.1698,-0.5699,0.1812,0.5487,0,up,11804106
0.7343,0.1683,0.6283,-0.0414,0.0343,0.1326,-0.6328,0.1589,0.5000,0,up,11804106
0.6599,0.1664,0.6329,0.0056,0.0304,0.1173,-0.6170,0.1756,0.5444,0,up,11804106
0.6147,0.1596,0.5673,0.1005,0.0277,0.1167,-0.7880,0.0605,0.2180,0,up,11804106
0.7593,0.1712,0.6892,-0.0492,0.0426,0.1579,-0.5385,0.1343,0.4527,0,up,11804106
0.5101,0.0869,0.3936,0.0333,0.0375,0.1438,-0.7612,0.0611,0.2807,0,up,11804106
0.6429,0.0974,0.4592,-0.0208,0.0387,0.1495,-0.6268,0.1284,0.4989,0,up,11804106
0.4755,0.0802,0.3504,0.0679,0.0587,0.2041,-0.7552,0.0912,0.3269,0,up,11804106
0.7239,0.1456,0.5901,0.0877,0.0410,0.1562,-0.6618,0.0888,0.4009,0,up,11804106
0.6269,0.1214,0.5028,0.1163,0.0451,0.1869,-0.6318,0.1315,0.5120,0,up,11804106
0.6821,0.1616,0.6844,-0.0215,0.0540,0.2266,-0.5500,0.1754,0.5675,0,up,11804106
0.8598,0.1478,0.7026,0.0048,0.0322,0.1210,-0.4201,0.0743,0.3286,0,up,11804106
0.6431,0.1290,0.4943,0.1446,0.0337,0.1211,-0.6202,0.0935,0.3866,0,up,11804106
0.7280,0.1768,0.7017,0.0146,0.0557,0.1777,-0.5203,0.1999,0.6068,0,up,11804106
0.7248,0.2027,0.7499,-0.0178,0.0554,0.1577,-0.4949,0.2420,0.6792,0,up,11804106
0.7680,0.2202,0.7526,0.1199,0.0291,0.0962,-0.6028,0.1291,0.4912,0,up,11804106
0.7950,0.1860,0.7132,0.1119,0.0829,0.2580,-0.4349,0.2247,0.6474,0,up,11804106
0.5501,0.0993,0.4121,0.2222,0.0309,0.1155,-0.7204,0.1255,0.4812,0,up,11804106
0.8066,0.2589,0.9065,0.1482,0.0440,0.1254,-0.5012,0.1788,0.5895,0,up,11804106
0.6579,0.1552,0.5346,0.1925,0.0472,0.1410,-0.5723,0.2024,0.5413,0,up,11804106
0.7218,0.1324,0.5918,0.0764,0.0664,0.2822,-0.5169,0.2375,0.6513,0,up,11804106
0.6347,0.1256,0.4484,-0.0239,0.0389,0.1174,-0.6902,0.0840,0.2673,0,left,11804106
0.6806,0.1462,0.5142,-0.0471,0.0091,0.0369,-0.6901,0.0960,0.3283,0,left,11804106
0.7447,0.1659,0.6658,-0.1045,0.0183,0.0536,-0.6010,0.0979,0.3953,0,left,11804106
0.3156,0.0556,0.1569,-0.0538,0.0150,0.0409,-0.8996,0.0246,0.0672,0,left,11804106
0.4867,0.0958,0.2521,-0.0981,0.0102,0.0272,-0.7979,0.0792,0.2159,0,left,11804106
0.6229,0.1221,0.5050,-0.1548,0.0160,0.0435,-0.7180,0.0872,0.2787,0,left,11804106
0.6429,0.1688,0.5218,-0.1231,0.0113,0.0423,-0.6668,0.1427,0.4307,0,left,11804106
0.7011,0.1378,0.4940,-0.0763,0.0167,0.0608,-0.7314,0.0769,0.2426,0,left,11804106
0.6485,0.2159,0.6775,-0.0363,0.0249,0.0861,-0.7459,0.0963,0.2719,0,right,11804106
0.9441,0.1460,0.6204,-0.0921,0.0224,0.0868,-0.4487,0.1523,0.5404,0,right,11804106
0.6525,0.3387,0.8170,-0.0548,0.0819,0.2163,-0.6698,0.2320,0.6158,0,right,11804106
0.8104,0.2163,0.8163,-0.1207,0.0483,0.1674,-0.5691,0.1703,0.5599,0,right,11804106
0.8698,0.2157,0.8406,-0.1231,0.0491,0.1501,-0.4829,0.1879,0.5644,0,right,11804106
0.4446,0.2334,0.6595,0.0086,0.0285,0.0999,-0.8645,0.1100,0.3346,0,right,11804106
0.3521,0.1353,0.4416,-0.0237,0.0320,0.1015,-0.9264,0.0546,0.1946,0,right,11804106
0.5669,0.2258,0.6557,-0.0646,0.0238,0.0732,-0.7983,0.1336,0.3705,0,right,11804106
0.7539,0.3436,0.9628,-0.1263,0.0484,0.1388,-0.5694,0.2705,0.7113,0,right,11804106
0.7542,0.2391,0.7688,-0.0851,0.0398,0.1400,-0.6120,0.2141,0.6685,0,right,11804106
0.8141,0.2067,0.7408,-0.0590,0.0376,0.1432,-0.5379,0.1713,0.5594,0,right,11804106
0.7422,0.2425,0.7637,-0.0684,0.0307,0.1061,-0.6084,0.2008,0.6304,0,right,11804106
0.8619,0.2163,0.7730,-0.0693,0.0351,0.1293,-0.4483,0.2198,0.7225,0,right,11804106
0.7936,0.1813,0.7869,-0.0420,0.0155,0.0688,-0.5559,0.1315,0.4893,0,right,11804106
0.6576,0.2442,0.7484,-0.1015,0.0395,0.1210,-0.7434,0.1053,0.3553,0,right,11804106
1.0429,0.2605,1.0283,-0.2382,0.0495,0.2034,-0.2731,0.2074,0.7441,0,right,11804106
0.9510,0.2221,0.9681,-0.1106,0.0130,0.0470,-0.6315,0.1007,0.4523,0,right,11804106
1.0070,0.2211,0.8690,-0.1322,0.0298,0.1304,-0.3363,0.1461,0.6344,0,right,11804106
0.9368,0.1872,0.8419,-0.1664,0.0250,0.1055,-0.2832,0.1741,0.6806,0,right,11804106
0.7632,0.1875,0.7313,-0.1398,0.0582,0.1791,-0.6824,0.0410,0.1700,0,right,11804106
0.8731,0.2177,0.9635,-0.1203,0.0343,0.1082,-0.5940,0.0733,0.3387,0,right,11804106
0.9043,0.1737,0.7371,-0.1278,0.0337,0.0899,-0.4468,0.1445,0.5462,0,right,11804106
0.8422,0.2118,0.7367,-0.0995,0.0174,0.0675,-0.5398,0.1244,0.4411,0,right,11804106
0.8531,0.2225,0.8858,-0.0223,0.0413,0.1273,-0.4998,0.1181,0.3885,0,right,11804106
0.9362,0.1860,0.7881,-0.0155,0.0925,0.3285,-0.4313,0.1081,0.3219,0,right,11804106
0.7349,0.1343,0.6132,-0.1367,0.0786,0.3067,-0.7685,0.0583,0.2396,0,right,11804106
0.7396,0.1679,0.6567,-0.2059,0.0417,0.1876,-0.7361,0.2102,0.6292,0,right,11804106
0.5853,0.1207,0.4234,-0.1128,0.0348,0.1253,-0.9157,0.0609,0.1617,0,right,11804106
0.2410,0.0581,0.1375,-0.1543,0.0549,0.1335,-1.2068,0.0368,0.0887,0,right,11804106
0.8556,0.1757,0.6740,-0.2829,0.0681,0.2371,-0.4319,0.2123,0.6833,0,right,11804106
0.7384,0.1742,0.5982,-0.2379,0.0204,0.0805,-0.6446,0.1684,0.6054,0,right,11804106
0.2348,0.0000,0.0000,-0.1888,0.0000,0.0000,-0.8931,0.0000,0.0000,0,right,11804106
0.7776,0.1781,0.6592,-0.2262,0.0446,0.1745,-0.5431,0.1693,0.5691,0,right,11804106
0.8491,0.1871,0.7395,-0.2048,0.0555,0.2179,-0.5177,0.1769,0.5854,0,right,11804106
0.7795,0.1635,0.4996,-0.2275,0.0443,0.1353,-0.6891,0.0712,0.2173,0,right,11804106
0.6956,0.1920,0.5835,-0.1759,0.0482,0.1392,-0.7214,0.1469,0.4052,0,right,11804106
0.8768,0.2369,0.7723,-0.3385,0.0666,0.2089,-0.3876,0.2078,0.6605,0,right,11804106
0.8850,0.2142,0.6795,-0.3236,0.0600,0.1975,-0.4164,0.1807,0.5052,0,right,11804106
0.8475,0.1574,0.6316,-0.3190,0.0677,0.2370,-0.4630,0.1531,0.4531,0,right,11804106



